#threads,exec_time,speedup
1S,0.725517,1
1,0.803247,.903230
2,0.437861,1.656957
3,0.310274,2.338310
4,0.257262,2.820148
5,0.259058,2.800596
6,0.235100,3.085993
7,0.258504,2.806598
8,0.250269,2.898948
9,0.269341,2.693674
10,0.268033,2.706819
11,0.293013,2.476057
12,0.292395,2.481290
13,0.285599,2.540334
14,0.313551,2.313872
15,0.321102,2.259459
16,0.287495,2.523581
