#threads,exec_time,speedup
1S,0.216148,1
1,0.233630,.925172
2,0.147471,1.465698
3,0.098638,2.191325
4,0.080178,2.695851
5,0.083263,2.595966
6,0.071756,3.012263
7,0.085964,2.514401
8,0.091836,2.353630
9,0.086658,2.494264
10,0.091979,2.349971
11,0.099916,2.163297
12,0.098251,2.199957
13,0.098351,2.197720
14,0.096378,2.242710
15,0.108556,1.991119
16,0.094681,2.282907
