#threads,exec_time,speedup
1S,0.017087,1
1,0.016197,1.054948
2,0.010708,1.595722
3,0.008547,1.999180
4,0.007678,2.225449
5,0.007720,2.213341
6,0.006950,2.458561
7,0.007110,2.403234
8,0.008092,2.111591
9,0.006952,2.457853
10,0.006898,2.477094
11,0.007617,2.243271
12,0.008219,2.078963
13,0.007404,2.307806
14,0.008063,2.119186
15,0.007883,2.167575
16,0.007625,2.240918
