#threads,exec_time,speedup
1S,0.013731,1
1,0.013953,.984089
2,0.008696,1.579001
3,0.007189,1.910001
4,0.005853,2.345976
5,0.006103,2.249877
6,0.006410,2.142121
7,0.007335,1.871983
8,0.006771,2.027913
9,0.006650,2.064812
10,0.006737,2.038147
11,0.007073,1.941326
12,0.007637,1.797957
13,0.006397,2.146474
14,0.005946,2.309283
15,0.007300,1.880958
16,0.007264,1.890280
