#threads,exec_time,speedup
1S,0.023656,1
1,0.022847,1.035409
2,0.012570,1.881941
3,0.009528,2.482787
4,0.007849,3.013887
5,0.011270,2.099023
6,0.008605,2.749099
7,0.008873,2.666065
8,0.009068,2.608734
9,0.010807,2.188951
10,0.011394,2.076180
11,0.008977,2.635178
12,0.011006,2.149373
13,0.009780,2.418813
14,0.009225,2.564336
15,0.012109,1.953588
16,0.011009,2.148787
