#threads,exec_time,speedup
1S,7.576465,1
1,7.697756,.984243
2,4.090169,1.852359
3,2.916561,2.597739
4,2.543201,2.979105
5,2.270452,3.336985
6,2.352260,3.220930
7,2.147818,3.527517
8,2.001094,3.786161
9,2.064602,3.669697
10,2.276925,3.327498
11,2.334103,3.245985
12,2.237324,3.386395
13,2.454628,3.086604
14,2.706585,2.799271
15,3.126728,2.423128
16,4.016822,1.886183
