#threads,exec_time,speedup
1S,0.016788,1
1,0.016922,.992081
