#threads,exec_time,speedup
1S,0.274393,1
1,0.262389,1.045748
2,0.152919,1.794368
3,0.110264,2.488509
4,0.094886,2.891817
5,0.099452,2.759049
6,0.106867,2.567612
7,0.089013,3.082617
8,0.101783,2.695862
9,0.113361,2.420523
10,0.100597,2.727645
11,0.104749,2.619528
12,0.104374,2.628940
13,0.116241,2.360552
14,0.118910,2.307568
15,0.115554,2.374586
16,0.122381,2.242120
