#threads,exec_time,speedup
1S,0.016269,1
1,0.016528,.984329
2,0.009565,1.700888
3,,
