#threads,exec_time,speedup
1S,0.013981,1
1,0.013981,1.000000
2,0.013981,1.000000
3,0.013981,1.000000
