#threads,exec_time,speedup
1S,0.054968,1
1,0.057057,.963387
2,0.033622,1.634881
3,0.027045,2.032464
4,0.025979,2.115862
5,0.021866,2.513857
6,0.022056,2.492201
7,0.022233,2.472360
8,0.019801,2.776021
9,0.021588,2.546229
10,0.022197,2.476370
11,0.025695,2.139248
12,0.022464,2.446937
13,0.027157,2.024082
14,0.021672,2.536360
15,0.028897,1.902204
16,0.027042,2.032689
