#threads,exec_time,speedup
1S,0.034538,1
1,0.035420,.975098
2,0.020957,1.648041
3,0.015650,2.206900
4,0.012902,2.676949
5,0.013922,2.480821
6,0.015684,2.202116
7,0.013431,2.571513
8,0.013178,2.620883
9,0.014711,2.347766
10,0.014047,2.458745
11,0.014958,2.308998
12,0.013908,2.483318
13,0.015697,2.200293
14,0.015675,2.203381
15,0.015630,2.209724
16,0.016335,2.114355
