#threads,exec_time,speedup
1S,0.020013,1
1,0.020912,.957010
2,0.014171,1.412250
3,0.010089,1.983645
4,0.010396,1.925067
5,0.009906,2.020290
6,0.009622,2.079921
7,0.009876,2.026427
8,0.009673,2.068954
9,0.009341,2.142490
10,0.008043,2.488250
11,0.009504,2.105744
12,0.009505,2.105523
13,0.008893,2.250421
14,0.009971,2.007120
15,0.009604,2.083819
16,0.009157,2.185541
