#threads,exec_time,speedup
1S,0.036867,1
1,0.039754,.927378
2,0.022662,1.626820
3,0.015700,2.348216
4,0.016855,2.187303
5,0.013428,2.745531
6,0.015051,2.449471
7,0.017949,2.053986
8,0.017025,2.165462
9,0.013660,2.698901
10,0.016233,2.271114
11,0.015822,2.330109
12,0.015670,2.352712
13,0.015811,2.331731
14,0.015821,2.330257
15,0.013243,2.783885
16,0.015431,2.389151
