#threads,exec_time,speedup
1S,0.923998,1
1,0.925776,.998079
2,0.501170,1.843681
3,0.356040,2.595208
4,0.294505,3.137461
5,0.279639,3.304252
6,0.256000,3.609367
7,0.268819,3.437249
8,0.282380,3.272179
9,0.269242,3.431849
10,0.299476,3.085382
11,0.303791,3.041558
12,0.312866,2.953334
13,0.307514,3.004734
14,0.355949,2.595871
15,0.322752,2.862873
16,0.320911,2.879296
