#threads,exec_time,speedup
1S,0.028960,1
1,0.015664,1.848825
2,0.010199,2.839494
3,0.007059,4.102564
4,0.007232,4.004424
5,0.007273,3.981850
6,0.007404,3.911399
7,0.007932,3.651033
8,0.009088,3.186619
9,0.006774,4.275169
10,0.007664,3.778705
11,0.007607,3.807019
12,0.007356,3.936922
13,0.010012,2.892528
14,0.007840,3.693877
15,0.006602,4.386549
16,0.007646,3.787601
