#threads,exec_time,speedup
1S,0.016206,1
1,0.016451,.985107
2,0.009994,1.621572
3,0.007774,2.084641
