#threads,exec_time,speedup
1S,0.016275,1
1,0.017375,.936690
2,0.010945,1.486980
3,0.008961,1.816203
4,0.008030,2.026774
5,0.006408,2.539794
6,0.007379,2.205583
7,0.008564,1.900397
8,0.007501,2.169710
9,0.008084,2.013236
10,,
11,,
12,0.008011,2.031581
13,0.007880,2.065355
14,0.006956,2.339706
15,,
16,0.008909,1.826804
