#threads,exec_time,speedup
1S,0.041651,1
1,0.026299,1.583748
2,0.015288,2.724424
3,0.011704,3.558697
4,0.008498,4.901270
5,0.013287,3.134718
6,0.011396,3.654878
7,0.009966,4.179309
8,0.010255,4.061530
9,0.010894,3.823297
10,0.012191,3.416536
11,0.011936,3.489527
12,0.010539,3.952082
13,0.013501,3.085030
14,0.010545,3.949834
15,0.010053,4.143141
16,0.010885,3.826458
