#threads,exec_time,speedup
1S,0.011517,1
1,0.013756,.837234
2,0.007836,1.469754
3,0.007362,1.564384
